name,person
IM_000000,0
IM_000001,1
IM_000002,1
IM_000003,1
IM_000004,0
IM_000005,1
IM_000006,1
IM_000007,0
IM_000008,0
IM_000009,1
IM_000010,1
IM_000011,1
IM_000012,1
IM_000013,1
IM_000014,0
IM_000015,0
IM_000016,0
IM_000017,0
IM_000018,0
IM_000019,1
IM_000020,0
IM_000021,0
IM_000022,0
IM_000023,1
IM_000024,0
IM_000025,0
IM_000026,0
IM_000027,0
IM_000028,0
IM_000029,0
IM_000030,0
IM_000031,0
IM_000032,0
IM_000033,1
IM_000034,0
IM_000035,0
IM_000036,1
IM_000037,0
IM_000038,0
IM_000039,0
IM_000040,0
IM_000041,1
IM_000042,0
IM_000043,0
IM_000044,0
IM_000045,0
IM_000046,0
IM_000047,0
IM_000048,0
IM_000049,0
IM_000050,1
IM_000051,0
IM_000052,0
IM_000053,0
IM_000054,0
IM_000055,1
IM_000056,0
IM_000057,1
IM_000058,0
IM_000059,1
IM_000060,1
IM_000061,1
IM_000062,1
IM_000063,0
IM_000064,0
IM_000065,0
IM_000066,1
IM_000067,0
IM_000068,1
IM_000069,0
IM_000070,0
IM_000071,1
IM_000072,0
IM_000073,0
IM_000074,1
IM_000075,0
IM_000076,0
IM_000077,0
IM_000078,0
IM_000079,0
IM_000080,0
IM_000081,0
IM_000082,0
IM_000083,0
IM_000084,1
IM_000085,0
IM_000086,0
IM_000087,0
IM_000088,0
IM_000089,1
IM_000090,1
IM_000091,0
IM_000092,1
IM_000093,0
IM_000094,1
IM_000095,0
IM_000096,1
IM_000097,1
IM_000098,0
IM_000099,0
IM_000100,1
IM_000101,0
IM_000102,1
IM_000103,1
IM_000104,1
IM_000105,1
IM_000106,0
IM_000107,0
IM_000108,0
IM_000109,0
IM_000110,0
IM_000111,0
IM_000112,0
IM_000113,1
IM_000114,0
IM_000115,0
IM_000116,0
IM_000117,0
IM_000118,0
IM_000119,0
IM_000120,0
IM_000121,1
IM_000122,0
IM_000123,0
IM_000124,1
IM_000125,0
IM_000126,0
IM_000127,0
IM_000128,0
IM_000129,0
IM_000130,0
IM_000131,1
IM_000132,1
IM_000133,1
IM_000134,0
IM_000135,0
IM_000136,0
IM_000137,0
IM_000138,1
IM_000139,0
IM_000140,0
IM_000141,1
IM_000142,1
IM_000143,0
IM_000144,1
IM_000145,0
IM_000146,0
IM_000147,0
IM_000148,0
IM_000149,0
IM_000150,0
IM_000151,0
IM_000152,0
IM_000153,1
IM_000154,0
IM_000155,0
IM_000156,0
IM_000157,1
IM_000158,1
IM_000159,0
IM_000160,0
IM_000161,0
IM_000162,1
IM_000163,0
IM_000164,0
IM_000165,0
IM_000166,0
IM_000167,1
IM_000168,0
IM_000169,1
IM_000170,0
IM_000171,1
IM_000172,0
IM_000173,0
IM_000174,0
IM_000175,0
IM_000176,0
IM_000177,0
IM_000178,1
IM_000179,0
IM_000180,0
IM_000181,1
IM_000182,1
IM_000183,0
IM_000184,0
IM_000185,0
IM_000186,0
IM_000187,1
IM_000188,0
IM_000189,0
IM_000190,0
IM_000191,0
IM_000192,0
IM_000193,0
IM_000194,1
IM_000195,0
IM_000196,0
IM_000197,0
IM_000198,0
IM_000199,1
IM_000200,0
IM_000201,0
IM_000202,0
IM_000203,1
IM_000204,0
IM_000205,1
IM_000206,0
IM_000207,0
IM_000208,0
IM_000209,0
IM_000210,1
IM_000211,0
IM_000212,0
IM_000213,0
IM_000214,0
IM_000215,0
IM_000216,1
IM_000217,0
IM_000218,1
IM_000219,1
IM_000220,0
IM_000221,0
IM_000222,0
IM_000223,0
IM_000224,0
IM_000225,0
IM_000226,1
IM_000227,0
IM_000228,0
IM_000229,0
IM_000230,1
IM_000231,0
IM_000232,0
IM_000233,0
IM_000234,0
IM_000235,1
IM_000236,1
IM_000237,1
IM_000238,0
IM_000239,1
IM_000240,0
IM_000241,0
IM_000242,0
IM_000243,1
IM_000244,0
IM_000245,1
IM_000246,1
IM_000247,0
IM_000248,1
IM_000249,0
IM_000250,0
IM_000251,0
IM_000252,0
IM_000253,0
IM_000254,1
IM_000255,0
IM_000256,0
IM_000257,0
IM_000258,1
IM_000259,0
IM_000260,0
IM_000261,0
IM_000262,0
IM_000263,0
IM_000264,0
IM_000265,0
IM_000266,0
IM_000267,0
IM_000268,0
IM_000269,0
IM_000270,0
IM_000271,0
IM_000272,0
IM_000273,0
IM_000274,1
IM_000275,0
IM_000276,1
IM_000277,1
IM_000278,0
IM_000279,1
IM_000280,0
IM_000281,1
IM_000282,0
IM_000283,1
IM_000284,0
IM_000285,0
IM_000286,0
IM_000287,0
IM_000288,1
IM_000289,0
IM_000290,1
IM_000291,1
IM_000292,0
IM_000293,0
IM_000294,1
IM_000295,1
IM_000296,0
IM_000297,0
IM_000298,1
IM_000299,0
IM_000300,0
IM_000301,0
IM_000302,0
IM_000303,0
IM_000304,1
IM_000305,0
IM_000306,0
IM_000307,0
IM_000308,0
IM_000309,0
IM_000310,0
IM_000311,0
IM_000312,1
IM_000313,0
IM_000314,0
IM_000315,0
IM_000316,0
IM_000317,0
IM_000318,1
IM_000319,0
IM_000320,0
IM_000321,0
IM_000322,0
IM_000323,0
IM_000324,0
IM_000325,0
IM_000326,0
IM_000327,0
IM_000328,0
IM_000329,0
IM_000330,0
IM_000331,0
IM_000332,0
IM_000333,0
IM_000334,0
IM_000335,0
IM_000336,0
IM_000337,0
IM_000338,0
IM_000339,0
IM_000340,0
IM_000341,1
IM_000342,1
IM_000343,0
IM_000344,1
IM_000345,0
IM_000346,1
IM_000347,0
IM_000348,1
IM_000349,0
IM_000350,1
IM_000351,0
IM_000352,0
IM_000353,0
IM_000354,0
IM_000355,0
IM_000356,1
IM_000357,1
IM_000358,0
IM_000359,0
IM_000360,0
IM_000361,0
IM_000362,0
IM_000363,0
IM_000364,0
IM_000365,0
IM_000366,0
IM_000367,0
IM_000368,1
IM_000369,0
IM_000370,0
IM_000371,1
IM_000372,0
IM_000373,0
IM_000374,1
IM_000375,0
IM_000376,0
IM_000377,0
IM_000378,1
IM_000379,0
IM_000380,0
IM_000381,1
IM_000382,0
IM_000383,0
IM_000384,1
IM_000385,0
IM_000386,0
IM_000387,1
IM_000388,0
IM_000389,0
IM_000390,0
IM_000391,0
IM_000392,1
IM_000393,0
IM_000394,1
IM_000395,0
IM_000396,0
IM_000397,1
IM_000398,0
IM_000399,0
IM_000400,0
IM_000401,0
IM_000402,0
IM_000403,0
IM_000404,1
IM_000405,0
IM_000406,1
IM_000407,0
IM_000408,0
IM_000409,0
IM_000410,0
IM_000411,1
IM_000412,0
IM_000413,0
IM_000414,1
IM_000415,0
IM_000416,1
IM_000417,0
IM_000418,0
IM_000419,0
IM_000420,0
IM_000421,1
IM_000422,0
IM_000423,1
IM_000424,1
IM_000425,0
IM_000426,0
IM_000427,1
IM_000428,0
IM_000429,0
IM_000430,0
IM_000431,1
IM_000432,0
IM_000433,1
IM_000434,0
IM_000435,0
IM_000436,0
IM_000437,0
IM_000438,1
IM_000439,1
IM_000440,0
IM_000441,0
IM_000442,0
IM_000443,0
IM_000444,0
IM_000445,0
IM_000446,0
IM_000447,1
IM_000448,1
IM_000449,0
IM_000450,1
IM_000451,0
IM_000452,0
IM_000453,0
IM_000454,0
IM_000455,0
IM_000456,0
IM_000457,0
IM_000458,0
IM_000459,0
IM_000460,0
IM_000461,1
IM_000462,1
IM_000463,1
IM_000464,0
IM_000465,0
IM_000466,0
IM_000467,0
IM_000468,0
IM_000469,0
IM_000470,0
IM_000471,1
IM_000472,1
IM_000473,1
IM_000474,0
IM_000475,1
IM_000476,1
IM_000477,0
IM_000478,0
IM_000479,0
IM_000480,1
IM_000481,0
IM_000482,0
IM_000483,0
IM_000484,0
IM_000485,0
IM_000486,0
IM_000487,0
IM_000488,0
IM_000489,0
IM_000490,0
IM_000491,0
IM_000492,0
IM_000493,0
IM_000494,0
IM_000495,1
IM_000496,0
IM_000497,0
IM_000498,1
IM_000499,0
IM_000500,0
IM_000501,0
IM_000502,0
IM_000503,0
IM_000504,1
IM_000505,1
IM_000506,0
IM_000507,0
IM_000508,0
IM_000509,0
IM_000510,0
IM_000511,0
IM_000512,0
IM_000513,0
IM_000514,1
IM_000515,0
IM_000516,0
IM_000517,0
IM_000518,0
IM_000519,0
IM_000520,1
IM_000521,0
IM_000522,0
IM_000523,0
IM_000524,0
IM_000525,1
IM_000526,0
IM_000527,0
IM_000528,0
IM_000529,0
IM_000530,1
IM_000531,0
IM_000532,0
IM_000533,1
IM_000534,0
IM_000535,0
IM_000536,0
IM_000537,0
IM_000538,0
IM_000539,0
IM_000540,0
IM_000541,1
IM_000542,0
IM_000543,1
IM_000544,0
IM_000545,0
IM_000546,0
IM_000547,1
IM_000548,0
IM_000549,0
IM_000550,0
IM_000551,1
IM_000552,0
IM_000553,0
IM_000554,0
IM_000555,0
IM_000556,1
IM_000557,0
IM_000558,0
IM_000559,0
IM_000560,0
IM_000561,1
IM_000562,0
IM_000563,0
IM_000564,0
IM_000565,0
IM_000566,0
IM_000567,0
IM_000568,0
IM_000569,0
IM_000570,1
IM_000571,0
IM_000572,0
IM_000573,1
IM_000574,0
IM_000575,0
IM_000576,1
IM_000577,1
IM_000578,1
IM_000579,0
IM_000580,0
IM_000581,1
IM_000582,1
IM_000583,1
IM_000584,0
IM_000585,1
IM_000586,0
IM_000587,0
IM_000588,1
IM_000589,0
IM_000590,1
IM_000591,0
IM_000592,0
IM_000593,0
IM_000594,0
IM_000595,0
IM_000596,0
IM_000597,0
IM_000598,0
IM_000599,1
IM_000600,0
IM_000601,0
IM_000602,0
IM_000603,0
IM_000604,1
IM_000605,1
IM_000606,0
IM_000607,0
IM_000608,0
IM_000609,0
IM_000610,0
IM_000611,0
IM_000612,0
IM_000613,0
IM_000614,0
IM_000615,0
IM_000616,0
IM_000617,0
IM_000618,0
IM_000619,0
IM_000620,0
IM_000621,0
IM_000622,1
IM_000623,0
IM_000624,0
IM_000625,0
IM_000626,0
IM_000627,0
IM_000628,1
IM_000629,0
IM_000630,0
IM_000631,0
IM_000632,0
IM_000633,1
IM_000634,0
IM_000635,0
IM_000636,0
IM_000637,0
IM_000638,1
IM_000639,1
IM_000640,1
IM_000641,0
IM_000642,1
IM_000643,0
IM_000644,0
IM_000645,0
IM_000646,0
IM_000647,0
IM_000648,1
IM_000649,0
IM_000650,0
IM_000651,1
IM_000652,1
IM_000653,0
IM_000654,0
IM_000655,0
IM_000656,0
IM_000657,0
IM_000658,1
IM_000659,0
IM_000660,1
IM_000661,1
IM_000662,0
IM_000663,0
IM_000664,0
IM_000665,0
IM_000666,0
IM_000667,0
IM_000668,1
IM_000669,0
IM_000670,0
IM_000671,0
IM_000672,1
IM_000673,0
IM_000674,0
IM_000675,0
IM_000676,1
IM_000677,0
IM_000678,0
IM_000679,1
IM_000680,0
IM_000681,0
IM_000682,0
IM_000683,0
IM_000684,0
IM_000685,0
IM_000686,0
IM_000687,1
IM_000688,0
IM_000689,0
IM_000690,1
IM_000691,0
IM_000692,0
IM_000693,0
IM_000694,0
IM_000695,0
IM_000696,0
IM_000697,0
IM_000698,0
IM_000699,0
IM_000700,0
IM_000701,1
IM_000702,0
IM_000703,1
IM_000704,0
IM_000705,1
IM_000706,0
IM_000707,1
IM_000708,0
IM_000709,0
IM_000710,1
IM_000711,0
IM_000712,0
IM_000713,0
IM_000714,0
IM_000715,0
IM_000716,0
IM_000717,0
IM_000718,1
IM_000719,0
IM_000720,0
IM_000721,0
IM_000722,0
IM_000723,0
IM_000724,0
IM_000725,1
IM_000726,0
IM_000727,0
IM_000728,0
IM_000729,0
IM_000730,0
IM_000731,0
IM_000732,0
IM_000733,0
IM_000734,0
IM_000735,0
IM_000736,0
IM_000737,0
IM_000738,0
IM_000739,0
IM_000740,0
IM_000741,1
IM_000742,1
IM_000743,0
IM_000744,0
IM_000745,0
IM_000746,1
IM_000747,0
IM_000748,0
IM_000749,0
IM_000750,0
IM_000751,0
IM_000752,1
IM_000753,0
IM_000754,1
IM_000755,1
IM_000756,1
IM_000757,0
IM_000758,0
IM_000759,0
IM_000760,0
IM_000761,1
IM_000762,0
IM_000763,0
IM_000764,0
IM_000765,0
IM_000766,0
IM_000767,1
IM_000768,1
IM_000769,0
IM_000770,0
IM_000771,1
IM_000772,0
IM_000773,1
IM_000774,0
IM_000775,0
IM_000776,0
IM_000777,0
IM_000778,0
IM_000779,1
IM_000780,0
IM_000781,0
IM_000782,0
IM_000783,0
IM_000784,0
IM_000785,0
IM_000786,0
IM_000787,0
IM_000788,0
IM_000789,1
IM_000790,0
IM_000791,0
IM_000792,0
IM_000793,0
IM_000794,0
IM_000795,0
IM_000796,0
IM_000797,0
IM_000798,1
IM_000799,1
IM_000800,0
IM_000801,1
IM_000802,0
IM_000803,1
IM_000804,0
IM_000805,0
IM_000806,1
IM_000807,0
IM_000808,0
IM_000809,0
IM_000810,0
IM_000811,1
IM_000812,0
IM_000813,0
IM_000814,1
IM_000815,0
IM_000816,0
IM_000817,0
IM_000818,0
IM_000819,0
IM_000820,1
IM_000821,0
IM_000822,0
IM_000823,1
IM_000824,1
IM_000825,0
IM_000826,1
IM_000827,0
IM_000828,0
IM_000829,1
IM_000830,0
IM_000831,1
IM_000832,0
IM_000833,0
IM_000834,0
IM_000835,0
IM_000836,1
IM_000837,0
IM_000838,0
IM_000839,1
IM_000840,0
IM_000841,1
IM_000842,0
IM_000843,0
IM_000844,0
IM_000845,1
IM_000846,0
IM_000847,0
IM_000848,0
IM_000849,0
IM_000850,1
IM_000851,0
IM_000852,0
IM_000853,0
IM_000854,0
IM_000855,0
IM_000856,0
IM_000857,1
IM_000858,0
IM_000859,0
IM_000860,0
IM_000861,0
IM_000862,0
IM_000863,0
IM_000864,0
IM_000865,0
IM_000866,1
IM_000867,0
IM_000868,0
IM_000869,0
IM_000870,0
IM_000871,1
IM_000872,0
IM_000873,0
IM_000874,1
IM_000875,1
IM_000876,0
IM_000877,1
IM_000878,0
IM_000879,0
IM_000880,0
IM_000881,1
IM_000882,1
IM_000883,1
IM_000884,0
IM_000885,0
IM_000886,0
IM_000887,0
IM_000888,0
IM_000889,0
IM_000890,0
IM_000891,1
IM_000892,1
IM_000893,0
IM_000894,0
IM_000895,0
IM_000896,0
IM_000897,0
IM_000898,1
IM_000899,1
IM_000900,1
IM_000901,1
IM_000902,0
IM_000903,0
IM_000904,0
IM_000905,0
IM_000906,0
IM_000907,1
IM_000908,0
IM_000909,0
IM_000910,1
IM_000911,0
IM_000912,1
IM_000913,0
IM_000914,1
IM_000915,0
IM_000916,0
IM_000917,0
IM_000918,0
IM_000919,0
IM_000920,0
IM_000921,1
IM_000922,1
IM_000923,0
IM_000924,1
IM_000925,1
IM_000926,1
IM_000927,1
IM_000928,0
IM_000929,0
IM_000930,0
IM_000931,1
IM_000932,1
IM_000933,0
IM_000934,1
IM_000935,0
IM_000936,0
IM_000937,0
IM_000938,0
IM_000939,0
IM_000940,0
IM_000941,0
IM_000942,0
IM_000943,0
IM_000944,1
IM_000945,1
IM_000946,0
IM_000947,0
IM_000948,1
IM_000949,0
IM_000950,0
IM_000951,1
IM_000952,0
IM_000953,0
IM_000954,0
IM_000955,0
IM_000956,0
IM_000957,0
IM_000958,0
IM_000959,0
IM_000960,1
IM_000961,0
IM_000962,0
IM_000963,1
IM_000964,1
IM_000965,0
IM_000966,1
IM_000967,0
IM_000968,1
IM_000969,0
IM_000970,0
IM_000971,0
IM_000972,0
IM_000973,1
IM_000974,1
IM_000975,0
IM_000976,1
IM_000977,0
IM_000978,0
IM_000979,0
IM_000980,0
IM_000981,0
IM_000982,0
IM_000983,1
IM_000984,1
IM_000985,0
IM_000986,0
IM_000987,1
IM_000988,1
IM_000989,1
IM_000990,0
IM_000991,0
IM_000992,0
IM_000993,0
IM_000994,0
IM_000995,0
IM_000996,0
IM_000997,0
IM_000998,1
IM_000999,0
IM_001000,0
IM_001001,1
IM_001002,0
IM_001003,0
IM_001004,1
IM_001005,0
IM_001006,0
IM_001007,0
IM_001008,0
IM_001009,1
IM_001010,0
IM_001011,1
IM_001012,0
IM_001013,1
IM_001014,0
IM_001015,0
IM_001016,0
IM_001017,1
IM_001018,0
IM_001019,0
IM_001020,1
IM_001021,0
IM_001022,0
IM_001023,0
IM_001024,1
IM_001025,0
IM_001026,1
IM_001027,0
IM_001028,0
IM_001029,0
IM_001030,0
IM_001031,1
IM_001032,1
IM_001033,0
IM_001034,0
IM_001035,0
IM_001036,0
IM_001037,1
IM_001038,1
IM_001039,1
IM_001040,1
IM_001041,0
IM_001042,0
IM_001043,1
IM_001044,0
IM_001045,0
IM_001046,0
IM_001047,0
IM_001048,0
IM_001049,0
IM_001050,1
IM_001051,0
IM_001052,1
IM_001053,0
IM_001054,1
IM_001055,1
IM_001056,0
IM_001057,0
IM_001058,1
IM_001059,0
IM_001060,0
IM_001061,0
IM_001062,0
IM_001063,1
IM_001064,0
IM_001065,0
IM_001066,0
IM_001067,1
IM_001068,1
IM_001069,0
IM_001070,1
IM_001071,1
IM_001072,0
IM_001073,1
IM_001074,1
IM_001075,0
IM_001076,0
IM_001077,0
IM_001078,0
IM_001079,0
IM_001080,0
IM_001081,0
IM_001082,0
IM_001083,1
IM_001084,0
IM_001085,0
IM_001086,1
IM_001087,1
IM_001088,1
IM_001089,0
IM_001090,0
IM_001091,1
IM_001092,0
IM_001093,0
IM_001094,0
IM_001095,1
IM_001096,0
IM_001097,0
IM_001098,0
IM_001099,0
IM_001100,1
IM_001101,1
IM_001102,1
IM_001103,1
IM_001104,1
IM_001105,0
IM_001106,0
IM_001107,0
IM_001108,0
IM_001109,0
IM_001110,1
IM_001111,0
IM_001112,0
IM_001113,0
IM_001114,0
IM_001115,1
IM_001116,0
IM_001117,0
IM_001118,0
IM_001119,0
IM_001120,1
IM_001121,0
IM_001122,0
IM_001123,0
IM_001124,1
IM_001125,1
IM_001126,0
IM_001127,0
IM_001128,1
IM_001129,1
IM_001130,1
IM_001131,0
IM_001132,1
IM_001133,0
IM_001134,1
IM_001135,1
IM_001136,0
IM_001137,0
IM_001138,0
IM_001139,0
IM_001140,0
IM_001141,0
IM_001142,0
IM_001143,0
IM_001144,0
IM_001145,1
IM_001146,0
IM_001147,0
IM_001148,0
IM_001149,1
IM_001150,0
IM_001151,1
IM_001152,0
IM_001153,0
IM_001154,0
IM_001155,0
IM_001156,0
IM_001157,0
IM_001158,0
IM_001159,1
IM_001160,0
IM_001161,0
IM_001162,1
IM_001163,0
IM_001164,1
IM_001165,1
IM_001166,0
IM_001167,0
IM_001168,0
IM_001169,0
IM_001170,0
IM_001171,0
IM_001172,0
IM_001173,0
IM_001174,1
IM_001175,0
IM_001176,0
IM_001177,0
IM_001178,0
IM_001179,1
IM_001180,0
IM_001181,0
IM_001182,0
IM_001183,0
IM_001184,0
IM_001185,0
IM_001186,0
IM_001187,0
IM_001188,1
IM_001189,0
IM_001190,0
IM_001191,0
IM_001192,0
IM_001193,0
IM_001194,0
IM_001195,0
IM_001196,0
IM_001197,1
IM_001198,0
IM_001199,0
IM_001200,1
IM_001201,1
IM_001202,1
IM_001203,1
IM_001204,0
IM_001205,0
IM_001206,1
IM_001207,0
IM_001208,0
IM_001209,1
IM_001210,1
IM_001211,1
IM_001212,1
IM_001213,0
IM_001214,0
IM_001215,1
IM_001216,1
IM_001217,0
IM_001218,0
IM_001219,0
IM_001220,0
IM_001221,1
IM_001222,1
IM_001223,0
IM_001224,0
IM_001225,1
IM_001226,1
IM_001227,0
IM_001228,1
IM_001229,1
IM_001230,0
IM_001231,1
IM_001232,0
IM_001233,0
IM_001234,0
IM_001235,1
IM_001236,1
IM_001237,0
IM_001238,0
IM_001239,0
IM_001240,1
IM_001241,1
IM_001242,0
IM_001243,0
IM_001244,1
IM_001245,1
IM_001246,0
IM_001247,0
IM_001248,0
IM_001249,0
IM_001250,0
IM_001251,0
IM_001252,0
IM_001253,1
IM_001254,0
IM_001255,1
IM_001256,0
IM_001257,1
IM_001258,0
IM_001259,0
IM_001260,0
IM_001261,1
IM_001262,0
IM_001263,0
IM_001264,0
IM_001265,1
IM_001266,0
IM_001267,0
IM_001268,0
IM_001269,0
IM_001270,0
IM_001271,0
IM_001272,0
IM_001273,1
IM_001274,1
IM_001275,0
IM_001276,0
IM_001277,1
IM_001278,1
IM_001279,0
IM_001280,1
IM_001281,0
IM_001282,0
IM_001283,0
IM_001284,0
IM_001285,1
IM_001286,0
IM_001287,1
IM_001288,0
IM_001289,1
IM_001290,1
IM_001291,0
IM_001292,0
IM_001293,0
IM_001294,1
IM_001295,0
IM_001296,1
IM_001297,0
IM_001298,1
IM_001299,1
IM_001300,0
IM_001301,0
IM_001302,0
IM_001303,0
IM_001304,0
IM_001305,0
IM_001306,0
IM_001307,0
IM_001308,0
IM_001309,1
IM_001310,0
IM_001311,0
IM_001312,0
IM_001313,1
IM_001314,1
IM_001315,0
IM_001316,0
IM_001317,0
IM_001318,0
IM_001319,0
IM_001320,0
IM_001321,0
IM_001322,0
IM_001323,0
IM_001324,0
IM_001325,0
IM_001326,0
IM_001327,0
IM_001328,0
IM_001329,1
IM_001330,0
IM_001331,1
IM_001332,0
IM_001333,1
IM_001334,0
IM_001335,1
IM_001336,0
IM_001337,0
IM_001338,0
IM_001339,0
IM_001340,0
IM_001341,0
IM_001342,1
IM_001343,0
IM_001344,0
IM_001345,1
IM_001346,0
IM_001347,0
IM_001348,0
IM_001349,0
IM_001350,1
IM_001351,0
IM_001352,1
IM_001353,0
IM_001354,1
IM_001355,0
IM_001356,0
IM_001357,0
IM_001358,1
IM_001359,0
IM_001360,0
IM_001361,0
IM_001362,0
IM_001363,0
IM_001364,0
IM_001365,0
IM_001366,0
IM_001367,0
IM_001368,0
IM_001369,0
IM_001370,1
IM_001371,0
IM_001372,1
IM_001373,0
IM_001374,0
IM_001375,0
IM_001376,0
IM_001377,0
IM_001378,1
IM_001379,0
IM_001380,0
IM_001381,0
IM_001382,0
IM_001383,0
IM_001384,1
IM_001385,1
IM_001386,0
IM_001387,1
IM_001388,0
IM_001389,0
IM_001390,0
IM_001391,0
IM_001392,1
IM_001393,0
IM_001394,1
IM_001395,1
IM_001396,0
IM_001397,0
IM_001398,0
IM_001399,0
IM_001400,0
IM_001401,1
IM_001402,0
IM_001403,0
IM_001404,0
IM_001405,1
IM_001406,1
IM_001407,0
IM_001408,0
IM_001409,0
IM_001410,1
IM_001411,1
IM_001412,1
IM_001413,0
IM_001414,1
IM_001415,1
IM_001416,0
IM_001417,1
IM_001418,0
IM_001419,1
IM_001420,0
IM_001421,0
IM_001422,0
IM_001423,0
IM_001424,0
IM_001425,0
IM_001426,0
IM_001427,0
IM_001428,0
IM_001429,1
IM_001430,1
IM_001431,1
IM_001432,0
IM_001433,1
IM_001434,0
IM_001435,0
IM_001436,1
IM_001437,0
IM_001438,0
IM_001439,0
IM_001440,0
IM_001441,1
IM_001442,0
IM_001443,1
IM_001444,0
IM_001445,0
IM_001446,0
IM_001447,1
IM_001448,1
IM_001449,0
IM_001450,0
IM_001451,0
IM_001452,1
IM_001453,0
IM_001454,0
IM_001455,0
IM_001456,1
IM_001457,0
IM_001458,0
IM_001459,1
IM_001460,0
IM_001461,0
IM_001462,0
IM_001463,1
IM_001464,1
IM_001465,0
IM_001466,1
IM_001467,0
IM_001468,1
IM_001469,1
IM_001470,0
IM_001471,0
IM_001472,0
IM_001473,0
IM_001474,1
IM_001475,0
IM_001476,0
IM_001477,0
IM_001478,0
IM_001479,0
IM_001480,0
IM_001481,1
IM_001482,1
IM_001483,0
IM_001484,0
IM_001485,0
IM_001486,0
IM_001487,0
IM_001488,1
IM_001489,0
IM_001490,1
IM_001491,0
IM_001492,0
IM_001493,0
IM_001494,0
IM_001495,0
IM_001496,0
IM_001497,1
IM_001498,0
IM_001499,0
IM_001500,0
IM_001501,0
IM_001502,1
IM_001503,0
IM_001504,0
IM_001505,0
IM_001506,0
IM_001507,0
IM_001508,1
IM_001509,0
IM_001510,1
IM_001511,0
IM_001512,1
IM_001513,0
IM_001514,1
IM_001515,0
IM_001516,0
IM_001517,0
IM_001518,1
IM_001519,1
IM_001520,0
IM_001521,1
IM_001522,1
IM_001523,0
IM_001524,0
IM_001525,0
IM_001526,0
IM_001527,0
IM_001528,0
IM_001529,0
IM_001530,1
IM_001531,0
IM_001532,0
IM_001533,0
IM_001534,1
IM_001535,0
IM_001536,0
IM_001537,1
IM_001538,1
IM_001539,1
IM_001540,0
IM_001541,0
IM_001542,0
IM_001543,1
IM_001544,1
IM_001545,1
IM_001546,0
IM_001547,0
IM_001548,1
IM_001549,0
IM_001550,0
IM_001551,0
IM_001552,1
IM_001553,1
IM_001554,0
IM_001555,1
IM_001556,1
IM_001557,0
IM_001558,1
IM_001559,0
IM_001560,1
IM_001561,0
IM_001562,0
IM_001563,0
IM_001564,0
IM_001565,0
IM_001566,0
IM_001567,0
IM_001568,0
IM_001569,1
IM_001570,0
IM_001571,0
IM_001572,0
IM_001573,0
IM_001574,0
IM_001575,0
IM_001576,1
IM_001577,0
IM_001578,1
IM_001579,1
IM_001580,0
IM_001581,1
IM_001582,1
IM_001583,1
IM_001584,0
IM_001585,0
IM_001586,1
IM_001587,0
IM_001588,0
IM_001589,0
IM_001590,1
IM_001591,1
IM_001592,1
IM_001593,1
IM_001594,0
IM_001595,0
IM_001596,0
IM_001597,0
IM_001598,0
IM_001599,0
IM_001600,1
IM_001601,0
IM_001602,1
IM_001603,0
IM_001604,0
IM_001605,1
IM_001606,0
IM_001607,1
IM_001608,0
IM_001609,0
IM_001610,0
IM_001611,1
IM_001612,1
IM_001613,0
IM_001614,0
IM_001615,0
IM_001616,0
IM_001617,0
IM_001618,1
IM_001619,0
IM_001620,0
IM_001621,0
IM_001622,0
IM_001623,0
IM_001624,1
IM_001625,0
IM_001626,0
IM_001627,0
IM_001628,0
IM_001629,1
IM_001630,0
IM_001631,0
IM_001632,0
IM_001633,0
IM_001634,1
IM_001635,0
IM_001636,0
IM_001637,1
IM_001638,0
IM_001639,0
IM_001640,0
IM_001641,1
IM_001642,0
IM_001643,1
IM_001644,0
IM_001645,0
IM_001646,0
IM_001647,1
IM_001648,0
IM_001649,0
IM_001650,1
IM_001651,0
IM_001652,0
IM_001653,0
IM_001654,1
IM_001655,0
IM_001656,1
IM_001657,1
IM_001658,0
IM_001659,0
IM_001660,1
IM_001661,0
IM_001662,1
IM_001663,0
IM_001664,0
IM_001665,0
IM_001666,1
IM_001667,0
IM_001668,0
IM_001669,0
IM_001670,0
IM_001671,0
IM_001672,0
IM_001673,1
IM_001674,0
IM_001675,0
IM_001676,1
IM_001677,0
IM_001678,0
IM_001679,0
IM_001680,0
IM_001681,0
IM_001682,0
IM_001683,0
IM_001684,1
IM_001685,0
IM_001686,0
IM_001687,0
IM_001688,1
IM_001689,0
IM_001690,1
IM_001691,1
IM_001692,1
IM_001693,0
IM_001694,0
IM_001695,0
IM_001696,0
IM_001697,0
IM_001698,0
IM_001699,0
IM_001700,0
IM_001701,1
IM_001702,0
IM_001703,1
IM_001704,0
IM_001705,0
IM_001706,1
IM_001707,0
IM_001708,0
IM_001709,0
IM_001710,0
IM_001711,1
IM_001712,0
IM_001713,0
IM_001714,0
IM_001715,0
IM_001716,0
IM_001717,1
IM_001718,0
IM_001719,1
IM_001720,1
IM_001721,1
IM_001722,0
IM_001723,1
IM_001724,1
IM_001725,0
IM_001726,1
IM_001727,0
IM_001728,0
IM_001729,0
IM_001730,1
IM_001731,0
IM_001732,0
IM_001733,0
IM_001734,0
IM_001735,0
IM_001736,1
IM_001737,0
IM_001738,0
IM_001739,1
IM_001740,1
IM_001741,0
IM_001742,0
IM_001743,0
IM_001744,0
IM_001745,0
IM_001746,0
IM_001747,0
IM_001748,1
IM_001749,0
IM_001750,0
IM_001751,1
IM_001752,0
IM_001753,0
IM_001754,0
IM_001755,1
IM_001756,0
IM_001757,0
IM_001758,1
IM_001759,0
IM_001760,0
IM_001761,0
IM_001762,0
IM_001763,0
IM_001764,1
IM_001765,0
IM_001766,0
IM_001767,0
IM_001768,0
IM_001769,0
IM_001770,0
IM_001771,1
IM_001772,1
IM_001773,1
IM_001774,1
IM_001775,0
IM_001776,0
IM_001777,1
IM_001778,1
IM_001779,0
IM_001780,0
IM_001781,0
IM_001782,0
IM_001783,1
IM_001784,1
IM_001785,0
IM_001786,0
IM_001787,1
IM_001788,0
IM_001789,0
IM_001790,0
IM_001791,1
IM_001792,1
IM_001793,0
IM_001794,0
IM_001795,0
IM_001796,0
IM_001797,0
IM_001798,1
IM_001799,1
IM_001800,1
IM_001801,0
IM_001802,0
IM_001803,1
IM_001804,1
IM_001805,0
IM_001806,0
IM_001807,1
IM_001808,0
IM_001809,0
IM_001810,0
IM_001811,0
IM_001812,0
IM_001813,0
IM_001814,0
IM_001815,1
IM_001816,0
IM_001817,0
IM_001818,1
IM_001819,0
IM_001820,0
IM_001821,0
IM_001822,0
IM_001823,1
IM_001824,0
IM_001825,0
IM_001826,1
IM_001827,0
IM_001828,1
IM_001829,0
IM_001830,0
IM_001831,0
IM_001832,1
IM_001833,0
IM_001834,0
IM_001835,0
IM_001836,0
IM_001837,0
IM_001838,0
IM_001839,0
IM_001840,1
IM_001841,0
IM_001842,0
IM_001843,0
IM_001844,1
IM_001845,0
IM_001846,0
IM_001847,0
IM_001848,0
IM_001849,0
IM_001850,0
IM_001851,1
IM_001852,0
IM_001853,0
IM_001854,0
IM_001855,1
IM_001856,0
IM_001857,0
IM_001858,0
IM_001859,0
IM_001860,0
IM_001861,0
IM_001862,0
IM_001863,1
IM_001864,1
IM_001865,0
IM_001866,0
IM_001867,1
IM_001868,0
IM_001869,1
IM_001870,0
IM_001871,0
IM_001872,0
IM_001873,0
IM_001874,1
IM_001875,0
IM_001876,1
IM_001877,0
IM_001878,0
IM_001879,0
IM_001880,1
IM_001881,0
IM_001882,0
IM_001883,1
IM_001884,1
IM_001885,0
IM_001886,0
IM_001887,1
IM_001888,0
IM_001889,0
IM_001890,1
IM_001891,0
IM_001892,1
IM_001893,0
IM_001894,1
IM_001895,0
IM_001896,0
IM_001897,0
IM_001898,0
IM_001899,0
IM_001900,0
IM_001901,0
IM_001902,0
IM_001903,0
IM_001904,0
IM_001905,0
IM_001906,0
IM_001907,0
IM_001908,0
IM_001909,0
IM_001910,0
IM_001911,0
IM_001912,1
IM_001913,0
IM_001914,0
IM_001915,0
IM_001916,0
IM_001917,0
IM_001918,1
IM_001919,1
IM_001920,0
IM_001921,0
IM_001922,0
IM_001923,0
IM_001924,0
IM_001925,0
IM_001926,0
IM_001927,0
IM_001928,1
IM_001929,1
IM_001930,0
IM_001931,0
IM_001932,0
IM_001933,1
IM_001934,1
IM_001935,0
IM_001936,0
IM_001937,0
IM_001938,1
IM_001939,0
IM_001940,0
IM_001941,0
IM_001942,0
IM_001943,0
IM_001944,0
IM_001945,0
IM_001946,0
IM_001947,1
IM_001948,0
IM_001949,1
IM_001950,0
IM_001951,0
IM_001952,0
IM_001953,0
IM_001954,0
IM_001955,0
IM_001956,0
IM_001957,0
IM_001958,0
IM_001959,0
IM_001960,1
IM_001961,1
IM_001962,1
IM_001963,0
IM_001964,1
IM_001965,1
IM_001966,1
IM_001967,0
IM_001968,0
IM_001969,1
IM_001970,0
IM_001971,0
IM_001972,0
IM_001973,1
IM_001974,0
IM_001975,1
IM_001976,0
IM_001977,1
IM_001978,0
IM_001979,1
IM_001980,0
IM_001981,0
IM_001982,0
IM_001983,0
IM_001984,0
IM_001985,1
IM_001986,0
IM_001987,0
IM_001988,1
IM_001989,0
IM_001990,0
IM_001991,1
IM_001992,1
IM_001993,0
IM_001994,0
IM_001995,0
IM_001996,1
IM_001997,0
IM_001998,0
IM_001999,0
IM_002000,0
IM_002001,0
IM_002002,0
IM_002003,0
IM_002004,0
IM_002005,0
IM_002006,1
IM_002007,1
IM_002008,0
IM_002009,0
IM_002010,0
IM_002011,0
IM_002012,0
IM_002013,0
IM_002014,1
IM_002015,0
IM_002016,0
IM_002017,0
IM_002018,0
IM_002019,1
IM_002020,0
IM_002021,0
IM_002022,1
IM_002023,0
IM_002024,0
IM_002025,1
IM_002026,0
IM_002027,0
IM_002028,0
IM_002029,0
IM_002030,0
IM_002031,1
IM_002032,0
IM_002033,0
IM_002034,1
IM_002035,1
IM_002036,1
IM_002037,1
IM_002038,0
IM_002039,0
IM_002040,0
IM_002041,0
IM_002042,0
IM_002043,0
IM_002044,0
IM_002045,1
IM_002046,1
IM_002047,0
IM_002048,0
IM_002049,0
IM_002050,0
IM_002051,0
IM_002052,0
IM_002053,0
IM_002054,0
IM_002055,0
IM_002056,0
IM_002057,1
IM_002058,0
IM_002059,1
IM_002060,0
IM_002061,0
IM_002062,0
IM_002063,1
IM_002064,0
IM_002065,0
IM_002066,0
IM_002067,1
IM_002068,0
IM_002069,0
IM_002070,0
IM_002071,0
IM_002072,0
IM_002073,1
IM_002074,0
IM_002075,0
IM_002076,0
IM_002077,1
IM_002078,0
IM_002079,1
IM_002080,0
IM_002081,0
IM_002082,0
IM_002083,1
IM_002084,0
IM_002085,0
IM_002086,1
IM_002087,0
IM_002088,1
IM_002089,1
IM_002090,1
IM_002091,0
IM_002092,0
IM_002093,1
IM_002094,0
IM_002095,0
IM_002096,0
IM_002097,0
IM_002098,1
IM_002099,1
IM_002100,1
IM_002101,0
IM_002102,0
IM_002103,0
IM_002104,1
IM_002105,0
IM_002106,0
IM_002107,0
IM_002108,0
IM_002109,0
IM_002110,0
IM_002111,0
IM_002112,0
IM_002113,0
IM_002114,0
IM_002115,0
IM_002116,1
IM_002117,1
IM_002118,1
IM_002119,0
IM_002120,0
IM_002121,0
IM_002122,0
IM_002123,1
IM_002124,0
IM_002125,1
IM_002126,1
IM_002127,0
IM_002128,1
IM_002129,1
IM_002130,0
IM_002131,0
IM_002132,0
IM_002133,0
IM_002134,1
IM_002135,0
IM_002136,0
IM_002137,0
IM_002138,0
IM_002139,0
IM_002140,0
IM_002141,0
IM_002142,1
IM_002143,0
IM_002144,0
IM_002145,0
IM_002146,1
IM_002147,0
IM_002148,0
IM_002149,0
IM_002150,0
IM_002151,1
IM_002152,1
IM_002153,0
IM_002154,0
IM_002155,0
IM_002156,0
IM_002157,0
IM_002158,1
IM_002159,1
IM_002160,0
IM_002161,0
IM_002162,0
IM_002163,1
IM_002164,0
IM_002165,0
IM_002166,1
IM_002167,0
IM_002168,0
IM_002169,1
IM_002170,1
IM_002171,1
IM_002172,0
IM_002173,0
IM_002174,0
IM_002175,0
IM_002176,0
IM_002177,1
IM_002178,0
IM_002179,0
IM_002180,1
IM_002181,1
IM_002182,1
IM_002183,1
IM_002184,0
IM_002185,0
IM_002186,0
IM_002187,1
IM_002188,1
IM_002189,0
IM_002190,0
IM_002191,0
IM_002192,0
IM_002193,0
IM_002194,1
IM_002195,0
IM_002196,0
IM_002197,0
IM_002198,0
IM_002199,0
IM_002200,0
IM_002201,0
IM_002202,0
IM_002203,0
IM_002204,0
IM_002205,0
IM_002206,1
IM_002207,0
IM_002208,0
IM_002209,0
IM_002210,0
IM_002211,0
IM_002212,0
IM_002213,0
IM_002214,1
IM_002215,1
IM_002216,0
IM_002217,1
IM_002218,0
IM_002219,0
IM_002220,0
IM_002221,0
IM_002222,0
IM_002223,0
IM_002224,0
IM_002225,0
IM_002226,1
IM_002227,0
IM_002228,0
IM_002229,0
IM_002230,1
IM_002231,1
IM_002232,0
IM_002233,0
IM_002234,0
IM_002235,0
IM_002236,1
IM_002237,0
IM_002238,1
IM_002239,0
IM_002240,0
IM_002241,0
IM_002242,1
IM_002243,0
IM_002244,0
IM_002245,1
IM_002246,1
IM_002247,0
IM_002248,0
IM_002249,1
IM_002250,1
IM_002251,1
IM_002252,1
IM_002253,0
IM_002254,1
IM_002255,0
IM_002256,0
IM_002257,0
IM_002258,0
IM_002259,1
IM_002260,0
IM_002261,0
IM_002262,1
IM_002263,0
IM_002264,0
IM_002265,0
IM_002266,0
IM_002267,0
IM_002268,1
IM_002269,1
IM_002270,1
IM_002271,1
IM_002272,0
IM_002273,1
IM_002274,1
IM_002275,0
IM_002276,0
IM_002277,1
IM_002278,0
IM_002279,0
IM_002280,1
IM_002281,1
IM_002282,0
IM_002283,0
IM_002284,0
IM_002285,0
IM_002286,0
IM_002287,0
IM_002288,0
IM_002289,1
IM_002290,0
IM_002291,0
IM_002292,0
IM_002293,0
IM_002294,0
IM_002295,0
IM_002296,0
IM_002297,1
IM_002298,0
IM_002299,0
IM_002300,0
IM_002301,1
IM_002302,0
IM_002303,1
IM_002304,1
IM_002305,0
IM_002306,0
IM_002307,0
IM_002308,0
IM_002309,0
IM_002310,0
IM_002311,0
IM_002312,0
IM_002313,0
IM_002314,1
IM_002315,0
IM_002316,0
IM_002317,0
IM_002318,0
IM_002319,0
IM_002320,0
IM_002321,0
IM_002322,0
IM_002323,1
IM_002324,0
IM_002325,0
IM_002326,0
IM_002327,0
IM_002328,0
IM_002329,0
IM_002330,0
IM_002331,1
IM_002332,0
IM_002333,0
IM_002334,0
IM_002335,0
IM_002336,0
IM_002337,0
IM_002338,1
IM_002339,0
IM_002340,0
IM_002341,0
IM_002342,0
IM_002343,0
IM_002344,0
IM_002345,0
IM_002346,0
IM_002347,0
IM_002348,1
IM_002349,0
IM_002350,1
IM_002351,0
IM_002352,0
IM_002353,1
IM_002354,0
IM_002355,0
IM_002356,0
IM_002357,0
IM_002358,0
IM_002359,1
IM_002360,0
IM_002361,1
IM_002362,1
IM_002363,0
IM_002364,0
IM_002365,1
IM_002366,0
IM_002367,1
IM_002368,0
IM_002369,0
IM_002370,1
IM_002371,1
IM_002372,1
IM_002373,0
IM_002374,1
IM_002375,0
IM_002376,0
IM_002377,0
IM_002378,1
IM_002379,0
IM_002380,0
IM_002381,0
IM_002382,0
IM_002383,0
IM_002384,0
IM_002385,0
IM_002386,0
IM_002387,1
IM_002388,0
IM_002389,1
IM_002390,0
IM_002391,0
IM_002392,1
IM_002393,0
IM_002394,1
IM_002395,1
IM_002396,0
IM_002397,0
IM_002398,0
IM_002399,0
IM_002400,1
IM_002401,0
IM_002402,0
IM_002403,0
IM_002404,0
IM_002405,0
IM_002406,1
IM_002407,0
IM_002408,0
IM_002409,0
IM_002410,0
IM_002411,0
IM_002412,0
IM_002413,1
IM_002414,0
IM_002415,0
IM_002416,1
IM_002417,0
IM_002418,1
IM_002419,0
IM_002420,1
IM_002421,0
IM_002422,1
IM_002423,1
IM_002424,1
IM_002425,0
IM_002426,1
IM_002427,0
IM_002428,1
IM_002429,0
IM_002430,0
IM_002431,0
IM_002432,0
IM_002433,0
IM_002434,1
IM_002435,0
IM_002436,1
IM_002437,0
IM_002438,0
IM_002439,0
IM_002440,1
IM_002441,0
IM_002442,0
IM_002443,1
IM_002444,0
IM_002445,1
IM_002446,0
IM_002447,0
IM_002448,0
IM_002449,0
IM_002450,1
IM_002451,0
IM_002452,0
IM_002453,0
IM_002454,0
IM_002455,0
IM_002456,0
IM_002457,0
IM_002458,0
IM_002459,0
IM_002460,0
IM_002461,1
IM_002462,0
IM_002463,0
IM_002464,0
IM_002465,0
IM_002466,1
IM_002467,1
IM_002468,0
IM_002469,1
IM_002470,0
IM_002471,0
IM_002472,0
IM_002473,0
IM_002474,0
IM_002475,0
IM_002476,1
IM_002477,0
IM_002478,0
IM_002479,0
IM_002480,0
IM_002481,0
IM_002482,1
IM_002483,0
IM_002484,0
IM_002485,0
IM_002486,0
IM_002487,1
IM_002488,0
IM_002489,0
IM_002490,0
IM_002491,0
IM_002492,1
IM_002493,0
IM_002494,0
IM_002495,1
IM_002496,1
IM_002497,1
IM_002498,0
IM_002499,0
IM_002500,1
IM_002501,0
IM_002502,0
IM_002503,0
IM_002504,0
IM_002505,1
IM_002506,0
IM_002507,0
IM_002508,0
IM_002509,1
IM_002510,0
IM_002511,0
IM_002512,0
IM_002513,0
IM_002514,0
IM_002515,0
IM_002516,0
IM_002517,0
IM_002518,0
IM_002519,0
IM_002520,1
IM_002521,0
IM_002522,0
IM_002523,1
IM_002524,0
IM_002525,0
IM_002526,1
IM_002527,1
IM_002528,0
IM_002529,0
IM_002530,1
IM_002531,0
IM_002532,0
IM_002533,0
IM_002534,0
IM_002535,1
IM_002536,0
IM_002537,0
IM_002538,1
IM_002539,0
IM_002540,0
IM_002541,0
IM_002542,0
IM_002543,0
IM_002544,0
IM_002545,1
IM_002546,0
IM_002547,0
IM_002548,0
IM_002549,0
IM_002550,0
IM_002551,1
IM_002552,0
IM_002553,0
IM_002554,0
IM_002555,0
IM_002556,0
IM_002557,0
IM_002558,0
IM_002559,0
IM_002560,0
IM_002561,0
IM_002562,1
IM_002563,0
IM_002564,0
IM_002565,0
IM_002566,0
IM_002567,0
IM_002568,0
IM_002569,0
IM_002570,0
IM_002571,1
IM_002572,0
IM_002573,0
IM_002574,1
IM_002575,0
IM_002576,1
IM_002577,1
IM_002578,0
IM_002579,0
IM_002580,0
IM_002581,0
IM_002582,1
IM_002583,0
IM_002584,0
IM_002585,0
IM_002586,1
IM_002587,0
IM_002588,1
IM_002589,1
IM_002590,0
IM_002591,1
IM_002592,0
IM_002593,0
IM_002594,1
IM_002595,1
IM_002596,1
IM_002597,0
IM_002598,0
IM_002599,0
IM_002600,0
IM_002601,1
IM_002602,1
IM_002603,1
IM_002604,1
IM_002605,0
IM_002606,0
IM_002607,0
IM_002608,0
IM_002609,1
IM_002610,0
IM_002611,0
IM_002612,0
IM_002613,0
IM_002614,1
IM_002615,0
IM_002616,0
IM_002617,0
IM_002618,0
IM_002619,1
IM_002620,0
IM_002621,0
IM_002622,1
IM_002623,0
IM_002624,1
IM_002625,0
IM_002626,1
IM_002627,0
IM_002628,1
IM_002629,0
IM_002630,0
IM_002631,0
IM_002632,1
IM_002633,0
IM_002634,0
IM_002635,1
IM_002636,0
IM_002637,0
IM_002638,0
IM_002639,1
IM_002640,1
IM_002641,0
IM_002642,1
IM_002643,0
IM_002644,1
IM_002645,0
IM_002646,1
IM_002647,0
IM_002648,0
IM_002649,1
IM_002650,0
IM_002651,0
IM_002652,0
IM_002653,0
IM_002654,0
IM_002655,0
IM_002656,1
IM_002657,0
IM_002658,0
IM_002659,0
IM_002660,0
IM_002661,0
IM_002662,0
IM_002663,0
IM_002664,0
IM_002665,0
IM_002666,0
IM_002667,0
IM_002668,1
IM_002669,0
IM_002670,0
IM_002671,0
IM_002672,0
IM_002673,0
IM_002674,1
IM_002675,0
IM_002676,0
IM_002677,0
IM_002678,0
IM_002679,0
IM_002680,1
IM_002681,0
IM_002682,0
IM_002683,0
IM_002684,0
IM_002685,1
IM_002686,0
IM_002687,0
IM_002688,0
IM_002689,0
IM_002690,0
IM_002691,1
IM_002692,1
IM_002693,0
IM_002694,0
IM_002695,0
IM_002696,0
IM_002697,0
IM_002698,0
IM_002699,1
IM_002700,0
IM_002701,0
IM_002702,0
IM_002703,0
IM_002704,0
IM_002705,0
IM_002706,1
IM_002707,1
IM_002708,0
IM_002709,0
IM_002710,1
IM_002711,0
IM_002712,0
IM_002713,0
IM_002714,1
IM_002715,1
IM_002716,1
IM_002717,1
IM_002718,0
IM_002719,0
IM_002720,1
IM_002721,0
IM_002722,0
IM_002723,0
IM_002724,1
IM_002725,0
IM_002726,1
IM_002727,1
IM_002728,0
IM_002729,0
IM_002730,0
IM_002731,0
IM_002732,1
IM_002733,0
IM_002734,0
IM_002735,0
IM_002736,0
IM_002737,1
IM_002738,0
IM_002739,1
IM_002740,0
IM_002741,0
IM_002742,1
IM_002743,1
IM_002744,0
IM_002745,1
IM_002746,0
IM_002747,0
IM_002748,1
IM_002749,1
IM_002750,0
IM_002751,1
IM_002752,1
IM_002753,0
IM_002754,1
IM_002755,0
IM_002756,0
IM_002757,0
IM_002758,1
IM_002759,1
IM_002760,0
IM_002761,0
IM_002762,0
IM_002763,0
IM_002764,0
IM_002765,0
IM_002766,1
IM_002767,0
IM_002768,1
IM_002769,1
IM_002770,0
IM_002771,0
IM_002772,0
IM_002773,0
IM_002774,0
IM_002775,0
IM_002776,0
IM_002777,0
IM_002778,0
IM_002779,1
IM_002780,0
IM_002781,0
IM_002782,0
IM_002783,0
IM_002784,0
IM_002785,1
IM_002786,0
IM_002787,1
IM_002788,1
IM_002789,0
IM_002790,0
IM_002791,0
IM_002792,0
IM_002793,1
IM_002794,0
IM_002795,1
IM_002796,0
IM_002797,0
IM_002798,0
IM_002799,1
IM_002800,0
IM_002801,0
IM_002802,1
IM_002803,0
IM_002804,1
IM_002805,0
IM_002806,0
IM_002807,0
IM_002808,0
IM_002809,0
IM_002810,0
IM_002811,0
IM_002812,0
IM_002813,0
IM_002814,0
IM_002815,0
IM_002816,0
IM_002817,0
IM_002818,1
IM_002819,0
IM_002820,0
IM_002821,0
IM_002822,1
IM_002823,0
IM_002824,0
IM_002825,0
IM_002826,1
IM_002827,1
IM_002828,0
IM_002829,0
IM_002830,0
IM_002831,1
IM_002832,1
IM_002833,0
IM_002834,0
IM_002835,0
IM_002836,0
IM_002837,0
IM_002838,0
IM_002839,0
IM_002840,0
IM_002841,0
IM_002842,1
IM_002843,1
IM_002844,0
IM_002845,0
IM_002846,0
IM_002847,1
IM_002848,1
IM_002849,0
IM_002850,0
IM_002851,0
IM_002852,0
IM_002853,0
IM_002854,1
IM_002855,1
IM_002856,0
IM_002857,1
IM_002858,0
IM_002859,1
IM_002860,0
IM_002861,0
IM_002862,0
IM_002863,0
IM_002864,1
IM_002865,0
IM_002866,1
IM_002867,1
IM_002868,1
IM_002869,0
IM_002870,1
IM_002871,0
IM_002872,0
IM_002873,0
IM_002874,1
IM_002875,0
IM_002876,0
IM_002877,0
IM_002878,1
IM_002879,1
IM_002880,0
IM_002881,1
IM_002882,0
IM_002883,1
IM_002884,1
IM_002885,0
IM_002886,0
IM_002887,0
IM_002888,0
IM_002889,1
IM_002890,0
IM_002891,0
IM_002892,1
IM_002893,0
IM_002894,1
IM_002895,0
IM_002896,0
IM_002897,0
IM_002898,0
IM_002899,1
IM_002900,1
IM_002901,0
IM_002902,0
IM_002903,0
IM_002904,0
IM_002905,0
IM_002906,1
IM_002907,0
IM_002908,0
IM_002909,1
IM_002910,0
IM_002911,0
IM_002912,1
IM_002913,0
IM_002914,0
IM_002915,0
IM_002916,1
IM_002917,1
IM_002918,0
IM_002919,0
IM_002920,0
IM_002921,1
IM_002922,0
IM_002923,0
IM_002924,0
IM_002925,1
IM_002926,0
IM_002927,0
IM_002928,0
IM_002929,0
IM_002930,0
IM_002931,0
IM_002932,0
IM_002933,1
IM_002934,0
IM_002935,0
IM_002936,0
IM_002937,1
IM_002938,0
IM_002939,1
IM_002940,0
IM_002941,0
IM_002942,0
IM_002943,1
IM_002944,0
IM_002945,0
IM_002946,1
IM_002947,1
IM_002948,1
IM_002949,0
IM_002950,0
IM_002951,0
IM_002952,0
IM_002953,0
IM_002954,1
IM_002955,0
IM_002956,1
IM_002957,0
IM_002958,1
IM_002959,0
IM_002960,1
IM_002961,0
IM_002962,1
IM_002963,1
IM_002964,0
IM_002965,0
IM_002966,0
IM_002967,0
IM_002968,0
IM_002969,1
IM_002970,0
IM_002971,0
IM_002972,1
IM_002973,0
IM_002974,1
IM_002975,0
IM_002976,0
IM_002977,1
IM_002978,0
IM_002979,0
IM_002980,0
IM_002981,0
IM_002982,0
IM_002983,1
IM_002984,1
IM_002985,0
IM_002986,1
IM_002987,1
IM_002988,0
IM_002989,0
IM_002990,0
IM_002991,1
IM_002992,0
IM_002993,0
IM_002994,1
IM_002995,0
IM_002996,0
IM_002997,0
IM_002998,0
IM_002999,0
IM_003000,0
IM_003001,0
IM_003002,0
IM_003003,0
IM_003004,1
IM_003005,0
IM_003006,0
IM_003007,1
IM_003008,0
IM_003009,0
IM_003010,0
IM_003011,1
IM_003012,0
IM_003013,0
IM_003014,1
IM_003015,1
IM_003016,0
IM_003017,0
IM_003018,0
IM_003019,1
IM_003020,0
IM_003021,1
IM_003022,0
IM_003023,1
IM_003024,0
IM_003025,1
IM_003026,1
IM_003027,0
IM_003028,1
IM_003029,0
IM_003030,1
IM_003031,0
IM_003032,1
IM_003033,1
IM_003034,0
IM_003035,0
IM_003036,0
IM_003037,1
IM_003038,0
IM_003039,1
IM_003040,1
IM_003041,0
IM_003042,1
IM_003043,1
IM_003044,1
IM_003045,0
IM_003046,1
IM_003047,1
IM_003048,1
IM_003049,0
IM_003050,0
IM_003051,0
IM_003052,0
IM_003053,0
IM_003054,0
IM_003055,0
IM_003056,0
IM_003057,1
IM_003058,0
IM_003059,0
IM_003060,0
IM_003061,1
IM_003062,0
IM_003063,0
IM_003064,0
IM_003065,0
IM_003066,0
IM_003067,0
IM_003068,1
IM_003069,0
IM_003070,1
IM_003071,0
IM_003072,1
IM_003073,0
IM_003074,1
IM_003075,1
IM_003076,0
IM_003077,1
IM_003078,0
IM_003079,0
IM_003080,0
IM_003081,0
IM_003082,0
IM_003083,1
IM_003084,0
IM_003085,0
IM_003086,1
IM_003087,0
IM_003088,1
IM_003089,0
IM_003090,0
IM_003091,0
IM_003092,0
IM_003093,0
IM_003094,0
IM_003095,0
IM_003096,0
IM_003097,1
IM_003098,1
IM_003099,0
IM_003100,1
IM_003101,0
IM_003102,1
IM_003103,0
IM_003104,0
IM_003105,1
IM_003106,1
IM_003107,0
IM_003108,0
IM_003109,0
IM_003110,0
IM_003111,0
IM_003112,0
IM_003113,0
IM_003114,0
IM_003115,1
IM_003116,0
IM_003117,0
IM_003118,0
IM_003119,0
IM_003120,0
IM_003121,0
IM_003122,1
IM_003123,1
IM_003124,0
IM_003125,0
IM_003126,0
IM_003127,0
IM_003128,0
IM_003129,0
IM_003130,0
IM_003131,0
IM_003132,1
IM_003133,0
IM_003134,0
IM_003135,0
IM_003136,0
IM_003137,0
IM_003138,0
IM_003139,1
IM_003140,0
IM_003141,0
IM_003142,0
IM_003143,0
IM_003144,0
IM_003145,0
IM_003146,0
IM_003147,0
IM_003148,0
IM_003149,1
IM_003150,1
IM_003151,0
IM_003152,0
IM_003153,0
IM_003154,0
IM_003155,1
IM_003156,0
IM_003157,0
IM_003158,0
IM_003159,0
IM_003160,1
IM_003161,1
IM_003162,0
IM_003163,1
IM_003164,0
IM_003165,0
IM_003166,0
IM_003167,0
IM_003168,1
IM_003169,1
IM_003170,0
IM_003171,0
IM_003172,1
IM_003173,0
IM_003174,1
IM_003175,0
IM_003176,0
IM_003177,0
IM_003178,0
IM_003179,0
IM_003180,1
IM_003181,1
IM_003182,0
IM_003183,0
IM_003184,1
IM_003185,0
IM_003186,1
IM_003187,1
IM_003188,0
IM_003189,0
IM_003190,0
IM_003191,0
IM_003192,0
IM_003193,1
IM_003194,0
IM_003195,1
IM_003196,1
IM_003197,0
IM_003198,1
IM_003199,0
IM_003200,0
IM_003201,0
IM_003202,0
IM_003203,0
IM_003204,1
IM_003205,1
IM_003206,1
IM_003207,0
IM_003208,0
IM_003209,0
IM_003210,0
IM_003211,0
IM_003212,1
IM_003213,1
IM_003214,0
IM_003215,0
IM_003216,0
IM_003217,0
IM_003218,1
IM_003219,0
IM_003220,0
IM_003221,0
IM_003222,0
IM_003223,0
IM_003224,1
IM_003225,0
IM_003226,0
IM_003227,0
IM_003228,0
IM_003229,0
IM_003230,1
IM_003231,0
IM_003232,0
IM_003233,0
IM_003234,0
IM_003235,0
IM_003236,0
IM_003237,0
IM_003238,1
IM_003239,1
IM_003240,1
IM_003241,0
IM_003242,0
IM_003243,0
IM_003244,0
IM_003245,1
IM_003246,0
IM_003247,1
IM_003248,0
IM_003249,0
IM_003250,1
IM_003251,0
IM_003252,0
IM_003253,1
IM_003254,0
IM_003255,0
IM_003256,0
IM_003257,0
IM_003258,0
IM_003259,1
IM_003260,0
IM_003261,0
IM_003262,0
IM_003263,0
IM_003264,0
IM_003265,0
IM_003266,0
IM_003267,0
IM_003268,0
IM_003269,1
IM_003270,0
IM_003271,1
IM_003272,0
IM_003273,1
IM_003274,1
IM_003275,1
IM_003276,0
IM_003277,0
IM_003278,1
IM_003279,1
IM_003280,0
IM_003281,0
IM_003282,0
IM_003283,1
IM_003284,1
IM_003285,1
IM_003286,1
IM_003287,1
IM_003288,0
IM_003289,1
IM_003290,0
IM_003291,0
IM_003292,0
IM_003293,0
IM_003294,0
IM_003295,0
IM_003296,0
IM_003297,1
IM_003298,0
IM_003299,1
IM_003300,0
IM_003301,0
IM_003302,0
IM_003303,0
IM_003304,0
IM_003305,0
IM_003306,0
IM_003307,0
IM_003308,0
IM_003309,0
IM_003310,0
IM_003311,1
IM_003312,0
IM_003313,1
IM_003314,0
IM_003315,1
IM_003316,0
IM_003317,0
IM_003318,0
IM_003319,0
IM_003320,1
IM_003321,1
IM_003322,1
IM_003323,0
IM_003324,0
IM_003325,0
IM_003326,0
IM_003327,0
IM_003328,0
IM_003329,1
IM_003330,0
IM_003331,0
IM_003332,0
IM_003333,0
IM_003334,0
IM_003335,0
IM_003336,0
IM_003337,1
IM_003338,0
IM_003339,1
IM_003340,1
IM_003341,1
IM_003342,0
IM_003343,0
IM_003344,0
IM_003345,1
IM_003346,1
IM_003347,0
IM_003348,0
IM_003349,1
IM_003350,0
IM_003351,1
IM_003352,1
IM_003353,1
IM_003354,0
IM_003355,0
IM_003356,0
IM_003357,0
IM_003358,0
IM_003359,0
IM_003360,0
IM_003361,0
IM_003362,1
IM_003363,0
IM_003364,1
IM_003365,0
IM_003366,0
IM_003367,1
IM_003368,1
IM_003369,0
IM_003370,0
IM_003371,0
IM_003372,0
IM_003373,0
IM_003374,0
IM_003375,0
IM_003376,0
IM_003377,0
IM_003378,0
IM_003379,1
IM_003380,0
IM_003381,1
IM_003382,0
IM_003383,1
IM_003384,1
IM_003385,0
IM_003386,0
IM_003387,0
IM_003388,1
IM_003389,1
IM_003390,1
IM_003391,1
IM_003392,1
IM_003393,1
IM_003394,0
IM_003395,0
IM_003396,0
IM_003397,0
IM_003398,0
IM_003399,0
IM_003400,0
IM_003401,0
IM_003402,0
IM_003403,1
IM_003404,0
IM_003405,1
IM_003406,0
IM_003407,0
IM_003408,1
IM_003409,0
IM_003410,0
IM_003411,1
IM_003412,0
IM_003413,0
IM_003414,0
IM_003415,0
IM_003416,0
IM_003417,1
IM_003418,1
IM_003419,1
IM_003420,0
IM_003421,0
IM_003422,1
IM_003423,0
IM_003424,0
IM_003425,0
IM_003426,0
IM_003427,1
IM_003428,0
IM_003429,1
IM_003430,0
IM_003431,0
IM_003432,0
IM_003433,0
IM_003434,1
IM_003435,1
IM_003436,0
IM_003437,0
IM_003438,0
IM_003439,1
IM_003440,0
IM_003441,0
IM_003442,0
IM_003443,0
IM_003444,0
IM_003445,0
IM_003446,0
IM_003447,0
IM_003448,1
IM_003449,1
IM_003450,1
IM_003451,0
IM_003452,0
IM_003453,0
IM_003454,0
IM_003455,0
IM_003456,1
IM_003457,0
IM_003458,1
IM_003459,0
IM_003460,0
IM_003461,0
IM_003462,0
IM_003463,0
IM_003464,0
IM_003465,0
IM_003466,0
IM_003467,1
IM_003468,0
IM_003469,0
IM_003470,1
IM_003471,1
IM_003472,0
IM_003473,0
IM_003474,0
IM_003475,0
IM_003476,1
IM_003477,0
IM_003478,0
IM_003479,1
IM_003480,0
IM_003481,0
IM_003482,0
IM_003483,1
IM_003484,0
IM_003485,0
IM_003486,0
IM_003487,1
IM_003488,1
IM_003489,1
IM_003490,0
IM_003491,1
IM_003492,0
IM_003493,0
IM_003494,0
IM_003495,0
IM_003496,0
IM_003497,0
IM_003498,0
IM_003499,0
IM_003500,0
IM_003501,0
IM_003502,0
IM_003503,0
IM_003504,0
IM_003505,0
IM_003506,0
IM_003507,1
IM_003508,0
IM_003509,1
IM_003510,0
IM_003511,0
IM_003512,1
IM_003513,1
IM_003514,1
IM_003515,1
IM_003516,1
IM_003517,0
IM_003518,1
IM_003519,0
IM_003520,1
IM_003521,1
IM_003522,1
IM_003523,0
IM_003524,0
IM_003525,0
IM_003526,0
IM_003527,0
IM_003528,0
IM_003529,0
IM_003530,1
IM_003531,1
IM_003532,0
IM_003533,0
IM_003534,0
IM_003535,0
IM_003536,0
IM_003537,0
IM_003538,0
IM_003539,0
IM_003540,0
IM_003541,1
IM_003542,0
IM_003543,0
IM_003544,0
IM_003545,0
IM_003546,0
IM_003547,1
IM_003548,0
IM_003549,0
IM_003550,0
IM_003551,0
IM_003552,0
IM_003553,1
IM_003554,0
IM_003555,0
IM_003556,0
IM_003557,0
IM_003558,0
IM_003559,0
IM_003560,0
IM_003561,0
IM_003562,1
IM_003563,1
IM_003564,0
IM_003565,0
IM_003566,1
IM_003567,0
IM_003568,1
IM_003569,0
IM_003570,0
IM_003571,0
IM_003572,0
IM_003573,1
IM_003574,0
IM_003575,0
IM_003576,0
IM_003577,0
IM_003578,1
IM_003579,0
IM_003580,0
IM_003581,0
IM_003582,0
IM_003583,0
IM_003584,0
IM_003585,1
IM_003586,0
IM_003587,1
IM_003588,0
IM_003589,0
IM_003590,0
IM_003591,1
IM_003592,0
IM_003593,1
IM_003594,0
IM_003595,0
IM_003596,1
IM_003597,0
IM_003598,0
IM_003599,1
IM_003600,0
IM_003601,0
IM_003602,1
IM_003603,0
IM_003604,1
IM_003605,0
IM_003606,0
IM_003607,0
IM_003608,0
IM_003609,1
IM_003610,1
IM_003611,0
IM_003612,0
IM_003613,1
IM_003614,1
IM_003615,0
IM_003616,0
IM_003617,0
IM_003618,0
IM_003619,0
IM_003620,0
IM_003621,1
IM_003622,1
IM_003623,0
IM_003624,1
IM_003625,0
IM_003626,0
IM_003627,0
IM_003628,0
IM_003629,0
IM_003630,0
IM_003631,0
IM_003632,0
IM_003633,1
IM_003634,0
IM_003635,0
IM_003636,0
IM_003637,1
IM_003638,1
IM_003639,0
IM_003640,0
IM_003641,1
IM_003642,0
IM_003643,0
IM_003644,0
IM_003645,0
IM_003646,0
IM_003647,1
IM_003648,0
IM_003649,1
IM_003650,0
IM_003651,0
IM_003652,0
IM_003653,1
IM_003654,0
IM_003655,0
IM_003656,0
IM_003657,0
IM_003658,0
IM_003659,1
IM_003660,1
IM_003661,0
IM_003662,0
IM_003663,0
IM_003664,0
IM_003665,0
IM_003666,0
IM_003667,0
IM_003668,0
IM_003669,1
IM_003670,1
IM_003671,0
IM_003672,0
IM_003673,0
IM_003674,0
IM_003675,0
IM_003676,1
IM_003677,1
IM_003678,0
IM_003679,0
IM_003680,0
IM_003681,0
IM_003682,0
IM_003683,0
IM_003684,1
IM_003685,0
IM_003686,1
IM_003687,0
IM_003688,0
IM_003689,0
IM_003690,0
IM_003691,1
IM_003692,0
IM_003693,1
IM_003694,0
IM_003695,1
IM_003696,0
IM_003697,0
IM_003698,1
IM_003699,1
IM_003700,0
IM_003701,0
IM_003702,0
IM_003703,0
IM_003704,1
IM_003705,0
IM_003706,0
IM_003707,0
IM_003708,1
IM_003709,0
IM_003710,0
IM_003711,1
IM_003712,1
IM_003713,0
IM_003714,0
IM_003715,0
IM_003716,0
IM_003717,1
IM_003718,0
IM_003719,0
IM_003720,0
IM_003721,0
IM_003722,0
IM_003723,0
IM_003724,1
IM_003725,1
IM_003726,0
IM_003727,0
IM_003728,1
IM_003729,1
IM_003730,0
IM_003731,1
IM_003732,1
IM_003733,0
IM_003734,0
IM_003735,1
IM_003736,0
IM_003737,0
IM_003738,0
IM_003739,0
IM_003740,1
IM_003741,1
IM_003742,1
IM_003743,0
IM_003744,0
IM_003745,0
IM_003746,0
IM_003747,1
IM_003748,0
IM_003749,1
IM_003750,0
IM_003751,1
IM_003752,0
IM_003753,0
IM_003754,1
IM_003755,0
IM_003756,1
IM_003757,1
IM_003758,1
IM_003759,0
IM_003760,0
IM_003761,0
IM_003762,0
IM_003763,0
IM_003764,1
IM_003765,0
IM_003766,0
IM_003767,0
IM_003768,0
IM_003769,0
IM_003770,0
IM_003771,1
IM_003772,0
IM_003773,1
IM_003774,0
IM_003775,0
IM_003776,0
IM_003777,0
IM_003778,1
IM_003779,0
IM_003780,0
IM_003781,0
IM_003782,1
IM_003783,0
IM_003784,0
IM_003785,0
IM_003786,0
IM_003787,1
IM_003788,0
IM_003789,0
IM_003790,0
IM_003791,0
IM_003792,1
IM_003793,0
IM_003794,0
IM_003795,0
IM_003796,0
IM_003797,0
IM_003798,0
IM_003799,0
IM_003800,1
IM_003801,0
IM_003802,0
IM_003803,0
IM_003804,0
IM_003805,0
IM_003806,0
IM_003807,1
IM_003808,0
IM_003809,0
IM_003810,0
IM_003811,0
IM_003812,0
IM_003813,0
IM_003814,0
IM_003815,0
IM_003816,0
IM_003817,0
IM_003818,1
IM_003819,0
IM_003820,0
IM_003821,1
IM_003822,1
IM_003823,0
IM_003824,0
IM_003825,1
IM_003826,0
IM_003827,0
IM_003828,0
IM_003829,1
IM_003830,1
IM_003831,1
IM_003832,0
IM_003833,1
IM_003834,1
IM_003835,0
IM_003836,0
IM_003837,0
IM_003838,1
IM_003839,0
IM_003840,0
IM_003841,1
IM_003842,0
IM_003843,0
IM_003844,1
IM_003845,0
IM_003846,1
IM_003847,0
IM_003848,0
IM_003849,0
IM_003850,1
IM_003851,0
IM_003852,0
IM_003853,1
IM_003854,0
IM_003855,1
IM_003856,0
IM_003857,1
IM_003858,0
IM_003859,0
IM_003860,0
IM_003861,0
IM_003862,0
IM_003863,0
IM_003864,0
IM_003865,1
IM_003866,1
IM_003867,1
IM_003868,1
IM_003869,0
IM_003870,0
IM_003871,0
IM_003872,0
IM_003873,0
IM_003874,1
IM_003875,0
IM_003876,0
IM_003877,0
IM_003878,0
IM_003879,1
IM_003880,0
IM_003881,0
IM_003882,0
IM_003883,1
IM_003884,0
IM_003885,0
IM_003886,0
IM_003887,1
IM_003888,0
IM_003889,0
IM_003890,0
IM_003891,1
IM_003892,0
IM_003893,0
IM_003894,1
IM_003895,0
IM_003896,0
IM_003897,1
IM_003898,0
IM_003899,0
IM_003900,0
IM_003901,1
IM_003902,0
IM_003903,0
IM_003904,0
IM_003905,0
IM_003906,0
IM_003907,1
IM_003908,0
IM_003909,0
IM_003910,0
IM_003911,0
IM_003912,1
IM_003913,0
IM_003914,0
IM_003915,0
IM_003916,1
IM_003917,0
IM_003918,1
IM_003919,0
IM_003920,0
IM_003921,0
IM_003922,1
IM_003923,0
IM_003924,0
IM_003925,0
IM_003926,0
IM_003927,0
IM_003928,1
IM_003929,0
IM_003930,0
IM_003931,0
IM_003932,0
IM_003933,0
IM_003934,1
IM_003935,0
IM_003936,0
IM_003937,0
IM_003938,0
IM_003939,0
IM_003940,1
IM_003941,1
IM_003942,1
IM_003943,0
IM_003944,0
IM_003945,0
IM_003946,0
IM_003947,1
IM_003948,0
IM_003949,1
IM_003950,0
IM_003951,0
IM_003952,0
IM_003953,0
IM_003954,0
IM_003955,0
IM_003956,0
IM_003957,1
IM_003958,0
IM_003959,0
IM_003960,0
IM_003961,1
IM_003962,0
IM_003963,0
IM_003964,0
IM_003965,0
IM_003966,1
IM_003967,0
IM_003968,0
IM_003969,0
IM_003970,1
IM_003971,1
IM_003972,0
IM_003973,0
IM_003974,0
IM_003975,1
IM_003976,0
IM_003977,0
IM_003978,0
IM_003979,0
IM_003980,0
IM_003981,0
IM_003982,0
IM_003983,0
IM_003984,0
IM_003985,0
IM_003986,0
IM_003987,0
IM_003988,0
IM_003989,0
IM_003990,1
IM_003991,0
IM_003992,0
IM_003993,0
IM_003994,1
IM_003995,1
IM_003996,0
IM_003997,1
IM_003998,0
IM_003999,0
IM_004000,0
IM_004001,0
IM_004002,0
IM_004003,0
IM_004004,1
IM_004005,0
IM_004006,1
IM_004007,0
IM_004008,0
IM_004009,0
IM_004010,0
IM_004011,0
IM_004012,0
IM_004013,0
IM_004014,0
IM_004015,0
IM_004016,1
IM_004017,0
IM_004018,1
IM_004019,1
IM_004020,0
IM_004021,1
IM_004022,0
IM_004023,1
IM_004024,0
IM_004025,1
IM_004026,0
IM_004027,1
IM_004028,1
IM_004029,0
IM_004030,0
IM_004031,0
IM_004032,0
IM_004033,0
IM_004034,0
IM_004035,0
IM_004036,0
IM_004037,0
IM_004038,1
IM_004039,1
IM_004040,0
IM_004041,0
IM_004042,0
IM_004043,1
IM_004044,1
IM_004045,0
IM_004046,0
IM_004047,0
IM_004048,1
IM_004049,0
IM_004050,1
IM_004051,1
IM_004052,0
IM_004053,0
IM_004054,1
IM_004055,0
IM_004056,0
IM_004057,0
IM_004058,0
IM_004059,0
IM_004060,0
IM_004061,0
IM_004062,1
IM_004063,1
IM_004064,0
IM_004065,0
IM_004066,0
IM_004067,0
IM_004068,1
IM_004069,1
IM_004070,0
IM_004071,0
IM_004072,0
IM_004073,1
IM_004074,0
IM_004075,0
IM_004076,0
IM_004077,0
IM_004078,0
IM_004079,0
IM_004080,0
IM_004081,1
IM_004082,0
IM_004083,1
IM_004084,0
IM_004085,1
IM_004086,0
IM_004087,0
IM_004088,0
IM_004089,0
IM_004090,0
IM_004091,0
IM_004092,0
IM_004093,0
IM_004094,1
IM_004095,0
IM_004096,1
IM_004097,0
IM_004098,0
IM_004099,0
IM_004100,0
IM_004101,0
IM_004102,0
IM_004103,0
IM_004104,1
IM_004105,1
IM_004106,0
IM_004107,0
IM_004108,0
IM_004109,1
IM_004110,1
IM_004111,0
IM_004112,0
IM_004113,1
IM_004114,0
IM_004115,0
IM_004116,0
IM_004117,0
IM_004118,1
IM_004119,0
IM_004120,1
IM_004121,0
IM_004122,1
IM_004123,0
IM_004124,0
IM_004125,1
IM_004126,0
IM_004127,0
IM_004128,0
IM_004129,1
IM_004130,0
IM_004131,0
IM_004132,0
IM_004133,0
IM_004134,1
IM_004135,1
IM_004136,0
IM_004137,0
IM_004138,0
IM_004139,1
IM_004140,0
IM_004141,1
IM_004142,0
IM_004143,0
IM_004144,0
IM_004145,0
IM_004146,0
IM_004147,1
IM_004148,0
IM_004149,0
IM_004150,0
IM_004151,0
IM_004152,1
IM_004153,0
IM_004154,0
IM_004155,0
IM_004156,0
IM_004157,0
IM_004158,0
IM_004159,1
IM_004160,0
IM_004161,1
IM_004162,0
IM_004163,1
IM_004164,0
IM_004165,1
IM_004166,1
IM_004167,1
IM_004168,0
IM_004169,0
IM_004170,1
IM_004171,0
IM_004172,0
IM_004173,0
IM_004174,0
IM_004175,0
IM_004176,1
IM_004177,1
IM_004178,0
IM_004179,0
IM_004180,1
IM_004181,0
IM_004182,0
IM_004183,0
IM_004184,0
IM_004185,0
IM_004186,0
IM_004187,0
IM_004188,0
IM_004189,1
IM_004190,0
IM_004191,0
IM_004192,0
IM_004193,0
IM_004194,0
IM_004195,1
IM_004196,0
IM_004197,0
IM_004198,0
IM_004199,0
IM_004200,0
IM_004201,1
IM_004202,0
IM_004203,1
IM_004204,0
IM_004205,0
IM_004206,0
IM_004207,0
IM_004208,0
IM_004209,1
IM_004210,1
IM_004211,0
IM_004212,1
IM_004213,0
IM_004214,0
IM_004215,0
IM_004216,0
IM_004217,0
IM_004218,0
IM_004219,1
IM_004220,1
IM_004221,0
IM_004222,0
IM_004223,0
IM_004224,0
IM_004225,1
IM_004226,1
IM_004227,1
IM_004228,0
IM_004229,0
IM_004230,0
IM_004231,0
IM_004232,1
IM_004233,0
IM_004234,1
IM_004235,0
IM_004236,0
IM_004237,0
IM_004238,0
IM_004239,1
IM_004240,0
IM_004241,1
IM_004242,0
IM_004243,1
IM_004244,0
IM_004245,0
IM_004246,1
IM_004247,0
IM_004248,1
IM_004249,0
IM_004250,0
IM_004251,0
IM_004252,1
IM_004253,0
IM_004254,0
IM_004255,1
IM_004256,0
IM_004257,0
IM_004258,1
IM_004259,0
IM_004260,1
IM_004261,0
IM_004262,0
IM_004263,1
IM_004264,0
IM_004265,0
IM_004266,0
IM_004267,0
IM_004268,1
IM_004269,1
IM_004270,0
IM_004271,0
IM_004272,0
IM_004273,0
IM_004274,0
IM_004275,0
IM_004276,0
IM_004277,1
IM_004278,0
IM_004279,0
IM_004280,0
IM_004281,0
IM_004282,0
IM_004283,1
IM_004284,1
IM_004285,0
IM_004286,0
IM_004287,1
IM_004288,0
IM_004289,0
IM_004290,0
IM_004291,0
IM_004292,0
IM_004293,0
IM_004294,0
IM_004295,0
IM_004296,1
IM_004297,0
IM_004298,0
IM_004299,0
IM_004300,1
IM_004301,0
IM_004302,1
IM_004303,0
IM_004304,1
IM_004305,0
IM_004306,1
IM_004307,1
IM_004308,1
IM_004309,0
IM_004310,1
IM_004311,1
IM_004312,0
IM_004313,1
IM_004314,0
IM_004315,0
IM_004316,1
IM_004317,1
IM_004318,0
IM_004319,0
IM_004320,0
IM_004321,0
IM_004322,0
IM_004323,0
IM_004324,1
IM_004325,1
IM_004326,1
IM_004327,0
IM_004328,1
IM_004329,0
IM_004330,0
IM_004331,1
IM_004332,0
IM_004333,1
IM_004334,0
IM_004335,0
IM_004336,0
IM_004337,0
IM_004338,1
IM_004339,0
IM_004340,1
IM_004341,0
IM_004342,0
IM_004343,0
IM_004344,1
IM_004345,0
IM_004346,0
IM_004347,0
IM_004348,0
IM_004349,0
IM_004350,1
IM_004351,1
IM_004352,0
IM_004353,0
IM_004354,1
IM_004355,0
IM_004356,1
IM_004357,0
IM_004358,1
IM_004359,0
IM_004360,0
IM_004361,0
IM_004362,0
IM_004363,1
IM_004364,0
IM_004365,1
IM_004366,0
IM_004367,0
IM_004368,1
IM_004369,0
IM_004370,0
IM_004371,0
IM_004372,1
IM_004373,1
IM_004374,0
IM_004375,0
IM_004376,0
IM_004377,0
IM_004378,0
IM_004379,1
IM_004380,0
IM_004381,1
IM_004382,0
IM_004383,0
IM_004384,0
IM_004385,0
IM_004386,1
IM_004387,0
IM_004388,0
IM_004389,0
IM_004390,1
IM_004391,0
IM_004392,0
IM_004393,0
IM_004394,0
IM_004395,0
IM_004396,0
IM_004397,0
IM_004398,1
IM_004399,1
IM_004400,0
IM_004401,0
IM_004402,0
IM_004403,1
IM_004404,0
IM_004405,1
IM_004406,0
IM_004407,0
IM_004408,0
IM_004409,1
IM_004410,0
IM_004411,0
IM_004412,1
IM_004413,0
IM_004414,0
IM_004415,0
IM_004416,1
IM_004417,0
IM_004418,0
IM_004419,0
IM_004420,0
IM_004421,0
IM_004422,0
IM_004423,0
IM_004424,1
IM_004425,0
IM_004426,0
IM_004427,0
IM_004428,0
IM_004429,0
IM_004430,0
IM_004431,1
IM_004432,1
IM_004433,0
IM_004434,0
IM_004435,1
IM_004436,0
IM_004437,0
IM_004438,1
IM_004439,0
IM_004440,0
IM_004441,0
IM_004442,0
IM_004443,0
IM_004444,0
IM_004445,0
IM_004446,1
IM_004447,0
IM_004448,0
IM_004449,1
IM_004450,0
IM_004451,1
IM_004452,0
IM_004453,0
IM_004454,0
IM_004455,0
IM_004456,0
IM_004457,0
IM_004458,0
IM_004459,1
IM_004460,0
IM_004461,1
IM_004462,1
IM_004463,1
IM_004464,0
IM_004465,0
IM_004466,0
IM_004467,1
IM_004468,0
IM_004469,0
IM_004470,0
IM_004471,1
IM_004472,0
IM_004473,0
IM_004474,0
IM_004475,1
IM_004476,0
IM_004477,0
IM_004478,0
IM_004479,0
IM_004480,1
IM_004481,0
IM_004482,0
IM_004483,0
IM_004484,0
IM_004485,1
IM_004486,0
IM_004487,0
IM_004488,0
IM_004489,0
IM_004490,0
IM_004491,0
IM_004492,0
IM_004493,0
IM_004494,0
IM_004495,0
IM_004496,0
IM_004497,0
IM_004498,0
IM_004499,0
IM_004500,1
IM_004501,0
IM_004502,0
IM_004503,1
IM_004504,0
IM_004505,1
IM_004506,1
IM_004507,0
IM_004508,0
IM_004509,1
IM_004510,0
IM_004511,0
IM_004512,0
IM_004513,0
IM_004514,0
IM_004515,1
IM_004516,0
IM_004517,0
IM_004518,1
IM_004519,0
IM_004520,0
IM_004521,0
IM_004522,0
IM_004523,1
IM_004524,0
IM_004525,0
IM_004526,0
IM_004527,0
IM_004528,0
IM_004529,1
IM_004530,0
IM_004531,0
IM_004532,0
IM_004533,0
IM_004534,0
IM_004535,0
IM_004536,0
IM_004537,0
IM_004538,1
IM_004539,0
IM_004540,0
IM_004541,1
IM_004542,0
IM_004543,0
IM_004544,1
IM_004545,0
IM_004546,1
IM_004547,0
IM_004548,0
IM_004549,1
IM_004550,0
IM_004551,0
IM_004552,1
IM_004553,1
IM_004554,1
IM_004555,0
IM_004556,0
IM_004557,0
IM_004558,0
IM_004559,0
IM_004560,0
IM_004561,0
IM_004562,0
IM_004563,0
IM_004564,1
IM_004565,0
IM_004566,0
IM_004567,0
IM_004568,0
IM_004569,0
IM_004570,0
IM_004571,0
IM_004572,1
IM_004573,1
IM_004574,1
IM_004575,0
IM_004576,0
IM_004577,0
IM_004578,0
IM_004579,1
IM_004580,0
IM_004581,0
IM_004582,0
IM_004583,0
IM_004584,0
IM_004585,0
IM_004586,0
IM_004587,1
IM_004588,1
IM_004589,0
IM_004590,0
IM_004591,0
IM_004592,0
IM_004593,1
IM_004594,0
IM_004595,1
IM_004596,0
IM_004597,0
IM_004598,0
IM_004599,0
IM_004600,1
IM_004601,0
IM_004602,1
IM_004603,0
IM_004604,0
IM_004605,0
IM_004606,1
IM_004607,0
IM_004608,0
IM_004609,0
IM_004610,0
IM_004611,0
IM_004612,0
IM_004613,0
IM_004614,0
IM_004615,1
IM_004616,0
IM_004617,1
IM_004618,1
IM_004619,0
IM_004620,0
IM_004621,1
IM_004622,0
IM_004623,0
IM_004624,1
IM_004625,1
IM_004626,1
IM_004627,1
IM_004628,0
IM_004629,0
IM_004630,0
IM_004631,0
IM_004632,1
IM_004633,1
IM_004634,0
IM_004635,0
IM_004636,0
IM_004637,1
IM_004638,1
IM_004639,0
IM_004640,0
IM_004641,0
IM_004642,0
IM_004643,0
IM_004644,1
IM_004645,1
IM_004646,0
IM_004647,0
IM_004648,0
IM_004649,1
IM_004650,0
IM_004651,0
IM_004652,0
IM_004653,0
IM_004654,0
IM_004655,0
IM_004656,1
IM_004657,0
IM_004658,0
IM_004659,0
IM_004660,0
IM_004661,1
IM_004662,0
IM_004663,0
IM_004664,0
IM_004665,0
IM_004666,0
IM_004667,0
IM_004668,0
IM_004669,0
IM_004670,0
IM_004671,0
IM_004672,1
IM_004673,0
IM_004674,0
IM_004675,0
IM_004676,0
IM_004677,0
IM_004678,0
IM_004679,1
IM_004680,0
IM_004681,1
IM_004682,0
IM_004683,0
IM_004684,0
IM_004685,0
IM_004686,0
IM_004687,0
IM_004688,0
IM_004689,0
IM_004690,1
IM_004691,0
IM_004692,0
IM_004693,1
IM_004694,1
IM_004695,1
IM_004696,0
IM_004697,0
IM_004698,0
IM_004699,1
IM_004700,0
IM_004701,0
IM_004702,0
IM_004703,0
IM_004704,0
IM_004705,0
IM_004706,0
IM_004707,1
IM_004708,0
IM_004709,0
IM_004710,0
IM_004711,1
IM_004712,0
IM_004713,0
IM_004714,1
IM_004715,1
IM_004716,0
IM_004717,0
IM_004718,0
IM_004719,0
IM_004720,1
IM_004721,1
IM_004722,0
IM_004723,0
IM_004724,0
IM_004725,0
IM_004726,0
IM_004727,0
IM_004728,0
IM_004729,0
IM_004730,1
IM_004731,0
IM_004732,0
IM_004733,1
IM_004734,1
IM_004735,0
IM_004736,0
IM_004737,0
IM_004738,0
IM_004739,0
IM_004740,0
IM_004741,0
IM_004742,0
IM_004743,0
IM_004744,0
IM_004745,0
IM_004746,0
IM_004747,0
IM_004748,1
IM_004749,0
IM_004750,0
IM_004751,0
IM_004752,1
IM_004753,0
IM_004754,1
IM_004755,0
IM_004756,0
IM_004757,1
IM_004758,0
IM_004759,1
IM_004760,0
IM_004761,1
IM_004762,1
IM_004763,1
IM_004764,1
IM_004765,1
IM_004766,0
IM_004767,0
IM_004768,0
IM_004769,0
IM_004770,0
IM_004771,1
IM_004772,1
IM_004773,1
IM_004774,0
IM_004775,0
IM_004776,1
IM_004777,0
IM_004778,1
IM_004779,0
IM_004780,0
IM_004781,0
IM_004782,0
IM_004783,1
IM_004784,0
IM_004785,1
IM_004786,1
IM_004787,1
IM_004788,1
IM_004789,1
IM_004790,1
IM_004791,0
IM_004792,1
IM_004793,0
IM_004794,0
IM_004795,0
IM_004796,0
IM_004797,0
IM_004798,0
IM_004799,0
IM_004800,1
IM_004801,0
IM_004802,1
IM_004803,0
IM_004804,1
IM_004805,0
IM_004806,0
IM_004807,0
IM_004808,0
IM_004809,0
IM_004810,0
IM_004811,0
IM_004812,0
IM_004813,1
IM_004814,0
IM_004815,0
IM_004816,0
IM_004817,0
IM_004818,0
IM_004819,1
IM_004820,0
IM_004821,1
IM_004822,0
IM_004823,0
IM_004824,1
IM_004825,1
IM_004826,0
IM_004827,1
IM_004828,0
IM_004829,0
IM_004830,0
IM_004831,0
IM_004832,0
IM_004833,1
IM_004834,0
IM_004835,1
IM_004836,0
IM_004837,0
IM_004838,0
IM_004839,0
IM_004840,0
IM_004841,1
IM_004842,0
IM_004843,0
IM_004844,0
IM_004845,0
IM_004846,0
IM_004847,0
IM_004848,1
IM_004849,1
IM_004850,0
IM_004851,0
IM_004852,0
IM_004853,0
IM_004854,1
IM_004855,1
IM_004856,0
IM_004857,1
IM_004858,0
IM_004859,0
IM_004860,0
IM_004861,0
IM_004862,0
IM_004863,0
IM_004864,0
IM_004865,0
IM_004866,1
IM_004867,0
IM_004868,0
IM_004869,1
IM_004870,1
IM_004871,1
IM_004872,1
IM_004873,0
IM_004874,1
IM_004875,0
IM_004876,0
IM_004877,1
IM_004878,1
IM_004879,1
IM_004880,1
IM_004881,0
IM_004882,0
IM_004883,0
IM_004884,1
IM_004885,1
IM_004886,0
IM_004887,0
IM_004888,0
IM_004889,0
IM_004890,0
IM_004891,0
IM_004892,0
IM_004893,0
IM_004894,1
IM_004895,0
IM_004896,0
IM_004897,1
IM_004898,0
IM_004899,0
IM_004900,0
IM_004901,0
IM_004902,0
IM_004903,0
IM_004904,0
IM_004905,0
IM_004906,1
IM_004907,1
IM_004908,0
IM_004909,0
IM_004910,1
IM_004911,0
IM_004912,0
IM_004913,0
IM_004914,0
IM_004915,1
IM_004916,0
IM_004917,1
IM_004918,0
IM_004919,0
IM_004920,0
IM_004921,1
IM_004922,0
IM_004923,0
IM_004924,0
IM_004925,1
IM_004926,0
IM_004927,0
IM_004928,0
IM_004929,0
IM_004930,1
IM_004931,1
IM_004932,1
IM_004933,1
IM_004934,0
IM_004935,1
IM_004936,0
IM_004937,0
IM_004938,0
IM_004939,0
IM_004940,1
IM_004941,0
IM_004942,1
IM_004943,0
IM_004944,0
IM_004945,0
IM_004946,0
IM_004947,0
IM_004948,1
IM_004949,0
IM_004950,0
IM_004951,0
IM_004952,0
IM_004953,0
IM_004954,1
IM_004955,0
IM_004956,0
IM_004957,0
IM_004958,0
IM_004959,0
IM_004960,1
IM_004961,0
IM_004962,1
IM_004963,1
IM_004964,0
IM_004965,1
IM_004966,0
IM_004967,0
IM_004968,1
IM_004969,0
IM_004970,0
IM_004971,0
IM_004972,0
IM_004973,1
IM_004974,0
IM_004975,0
IM_004976,1
IM_004977,0
IM_004978,0
IM_004979,0
IM_004980,1
IM_004981,0
IM_004982,0
IM_004983,0
IM_004984,1
IM_004985,0
IM_004986,0
IM_004987,1
IM_004988,1
IM_004989,0
IM_004990,0
IM_004991,0
IM_004992,0
IM_004993,0
IM_004994,0
IM_004995,1
IM_004996,0
IM_004997,1
IM_004998,0
IM_004999,0
